"","country","cases","deaths","geoId","popData2018","iso3c","date","date2","miss","total.pop","cum.cases","cum.deaths","total.cases","total.deaths","total.cum.cases","total.cum.deaths","cases.pc","deaths.pc","cum.cases.pc","cum.deaths.pc","X","mindate","schools","events","lockdown","school.d","events.d","lockdown.d","remove.school","remove.events","remove.lockdown","CC.EST","GE.EST","PV.EST","RL.EST","RQ.EST","free","rai","country_code","country_id","cabinet_id","n_parties","caretaker","minority","gov_start_date","pm_party_en","pm_party_local","pm_party_family","party_id","hm_party_en","hm_party_loc","hm_party_family","party_id_health","hm_min_name","hm_min_type","hm_medic","federalism","sgi_experts","mindate.p","schools.p","events.p","lockdown.p","notes"
"57","Austria",51,0,"AT",8847037,"AUT",2020-03-11,18332,FALSE,534379900,182,0,2656,180,17919,714,6,0,21,0,1,"2020-01-01","2020-03-12","2020-03-11","2020-03-16",0,1,0,FALSE,FALSE,FALSE,1.596262,1.453342,0.9175232,1.875834,1.544717,93,23,40,59,1609,2,0,0,"07-01-2020","Austrian People's Party","Österreichische Volkspartei","Christian democracy",1013,"Greens","Die Grüne","Green Ecologist",1429,"Social Affairs, Health, Care, and Consumer Protection","shared",0,1,4,2020-01-01,2020-03-12,2020-03-11,2020-03-16,NA
"145","Belgium",160,0,"BE",11422068,"BEL",2020-03-14,18335,FALSE,534379900,559,3,6760,312,35907,1507,14,0,49,0,2,"2020-01-01","2020-03-14","2020-03-14","2020-03-18",1,1,0,FALSE,FALSE,FALSE,1.510279,1.171748,0.412356,1.3679,1.233861,96,34.9,56,64,1622,3,1,1,"27-10-2019","Reformist Movement","Mouvement Réformateur","Liberal",915,"Flemish Liberals and Democrats","Vlaamse Liberalen en Democraten  Open VLD","Liberal",1110,"Asylum, Migration, Health, and Social Affairs","shared",1,1,6,2020-01-01,2020-03-14,2020-03-14,2020-03-18,NA
"229","Bulgaria",16,0,"BG",7024216,"BGR",2020-03-13,18334,FALSE,534379900,23,1,6403,248,29147,1195,2,0,3,0,3,"2020-01-01","2020-03-05","2020-03-13","2020-03-13",1,1,1,TRUE,FALSE,FALSE,-0.1515335,0.2718757,0.4196386,-0.029567,0.5765803,80,2,100,10,1505,2,0,0,"04-05-2017","Citizens for European Development of Bulgaria","Grazhdani za Evropeysko Razvitie na Balgariya","Conservative",1541,"Citizens for European Development of Bulgaria","Grazhdani za Evropeysko Razvitie na Balgariya","Conservative",1541,"Health","single",0,0,5,2020-01-01,2020-03-05,2020-03-13,2020-03-13,NA
"319","Croatia",13,0,"HR",4089400,"HRV",2020-03-18,18339,FALSE,534379900,69,0,10341,593,73632,3347,3,0,17,0,4,"2020-01-01","2020-03-13","2020-03-18","2020-03-17",1,1,1,TRUE,FALSE,TRUE,0.1316391,0.4569183,0.7688776,0.324786,0.4473468,85,9,191,62,1512,2,0,1,"09-07-2017","Croatian Democratic Union","Hrvatska demokratska zajednica","Christian democracy",276,"Croatian Democratic Union","Hrvatska demokratska zajednica","Christian democracy",276,"Health","single",1,0,4,2020-01-01,2020-03-13,2020-03-18,2020-03-17,NA
"396","Cyprus",2,0,"CY",1189265,"CYP",2020-03-10,18331,FALSE,534379900,2,0,3355,136,15263,534,2,0,2,0,5,"2020-03-10","2020-03-13","2020-03-10","2020-03-24",0,1,0,FALSE,FALSE,FALSE,0.6399662,0.9209022,0.543319,0.7534632,1.017323,94,0,196,51,1492,2,0,1,"22-05-2016","Democratic Rally","Dimokratikós Sinayermós","Conservative",1575,"Independent","independent",NA,NA,"Health","single",0,0,3,2020-03-10,2020-03-13,2020-03-10,2020-03-24,NA
"482","Czech_Republic",23,0,"CZ",NA,"CZE",2020-03-11,18332,FALSE,534379900,63,0,2656,180,17919,714,NA,NA,NA,NA,6,"2020-01-01","2020-03-11","2020-03-11","2020-03-16",1,1,0,FALSE,FALSE,FALSE,0.5037321,0.9222081,1.040143,1.04966,1.261501,91,12.3,203,68,1534,2,0,1,"27-06-2018","Action of Dissatisfied Citizens","Akce nespokojených obcanu","Liberal",2263,"Action of Dissatisfied Citizens","Akce nespokojených obcanu","Liberal",2263,"Health","single",0,0,6,2020-01-01,2020-03-11,2020-03-11,2020-03-16,NA
"565","Denmark",7,0,"DK",5797446,"DNK",2020-03-09,18330,FALSE,534379900,38,0,2489,146,11908,398,1,0,7,0,7,"2020-01-01","2020-03-13","2020-03-09","2020-03-13",0,1,0,FALSE,FALSE,FALSE,2.147795,1.871631,0.9590668,1.833378,1.67705,97,7.3,208,21,1598,1,0,1,"27-06-2019","Social Democrats","Socialdemokraterne","Social democracy",1629,"Social Democrats","Socialdemokraterne","Social democracy",1629,"Health and Elderly Affairs","shared",0,0,8,2020-01-01,2020-03-13,2020-03-09,2020-03-13,NA
"654","Estonia",11,0,"EE",1320884,"EST",2020-03-13,18334,FALSE,534379900,27,0,6403,248,29147,1195,8,0,20,0,8,"2020-01-01","2020-03-16","2020-03-13",NA,0,1,0,FALSE,FALSE,FALSE,1.506318,1.191938,0.5999668,1.240627,1.562708,94,0,233,75,1595,3,0,0,"29-04-2019","Estonian Centre Party","Eesti Keskerakond","Social democracy",1137,"Estonian Centre Party","Eesti Keskerakond","Social democracy",1137,"Social Affairs","subsumed",0,0,7,2020-01-01,2020-03-16,2020-03-13,NA,"Health care is under portfolio of Ministry of Social Affairs"
"744","Finland",47,0,"FI",5518050,"FIN",2020-03-18,18339,FALSE,534379900,319,0,10341,593,73632,3347,9,0,58,0,9,"2020-01-01","2020-03-18","2020-03-18",NA,1,1,0,FALSE,FALSE,FALSE,2.21243,1.984208,0.9249202,2.046279,1.786545,100,7,246,67,1607,5,0,0,"10-12-2019","Social Democratic Party of Finland","Suomen Sosialidemokraattinen Puolue – Finlands Socialdemokratiska Parti","Social democracy",395,"Democratic Union - Left Alliance","Demokraattinen Liitto – Demokratiska Förbundet | Vasemmistoliitto – Vänsterförbundet","Communist Socialist",1292,"Social Affairs and Health","shared",0,1,7,2020-01-01,2020-03-18,2020-03-18,NA,NA
"811","France",19,0,"FR",66987244,"FRA",2020-02-29,18321,FALSE,534379900,57,2,300,4,1114,23,0,0,1,0,10,"2020-01-01","2020-03-16","2020-02-29","2020-03-17",0,1,0,FALSE,FALSE,FALSE,1.316893,1.480526,0.1091348,1.440087,1.173062,90,22.2,250,43,1509,4,0,0,"21-06-2017","Union for a Popular Movement - The Republicans","Union pour un mouvement populaire - Les Républicains","Conservative",658,"The Republic Onwards!","La République en Marche!","Liberal",2643,"Solidarity and Health","shared",1,0,4,2020-01-01,2020-03-16,2020-02-29,2020-03-17,NA
"916","Germany",5940,30,"DE",82927922,"DEU",2020-03-20,18341,FALSE,534379900,14138,43,20658,847,106512,4917,72,0,170,1,11,"2020-01-01","2020-03-18","2020-03-20","2020-03-22",1,1,0,TRUE,FALSE,FALSE,1.946584,1.619633,0.6048951,1.630446,1.749248,94,37.4,276,54,1528,2,0,0,"14-03-2018","Christian Democratic Union Christian Social Union","Christlich Demokratische Union Christlich Soziale Union","Christian democracy",1727,"Christian Democratic Union","Christlich Demokratische Union","Christian Democracy",1727,"Health","single",0,1,6,2020-01-01,2020-03-18,2020-03-20,2020-03-22,NA
"990","Greece",7,0,"EL",10727668,"GRC",2020-03-09,18330,FALSE,534379900,73,0,2489,146,11908,398,1,0,7,0,12,"2020-01-01","2020-03-11","2020-03-09","2020-03-23",0,1,0,FALSE,FALSE,FALSE,-0.0660259,0.3382609,0.0925857,0.1529743,0.2950006,88,8,300,41,1597,1,0,0,"08-07-2019","New Democracy","Néa Dimokratia","Christian democracy",47,"New Democracy","Néa Dimokratia","Christian democracy",47,"Health","single",1,0,6,2020-01-01,2020-03-11,2020-03-09,2020-03-23,NA
"1077","Hungary",3,0,"HU",9768785,"HUN",2020-03-11,18332,FALSE,534379900,12,0,2656,180,17919,714,0,0,1,0,13,"2020-01-01","2020-03-16","2020-03-11","2020-03-28",0,1,0,FALSE,FALSE,FALSE,0.053347,0.4873109,0.7552119,0.555392,0.6022686,70,8.9,348,39,1531,2,0,0,"10-05-2018","Fidesz -- Hungarian Civic Union","Fidesz – Magyar Polgári Szövetség","Conservative",921,"Fidesz -- Hungarian Civic Union","Fidesz – Magyar Polgári Szövetség","Conservative",921,"Human Capacities","subsumed",1,0,2,2020-01-01,2020-03-16,2020-03-11,2020-03-28,"Health care under Ministry of Human Capacities (seemingly)"
"1167","Iceland",40,0,"IS",353574,"ISL",2020-03-16,18337,FALSE,534379900,178,0,9434,591,53964,2329,113,0,503,0,14,"2020-01-01","2020-03-17","2020-03-16",NA,0,1,0,FALSE,FALSE,FALSE,1.843649,1.465655,1.412426,1.719734,1.417764,94,0,352,56,1524,2,0,0,"30-11-2017","Left-Green Movement","Vinstrihreyfingin – grænt framboð","Green Ecologist",210,"Left-Green Movement","Vinstrihreyfingin – grænt framboð","Green Ecologist",210,"Health","single",0,0,6,2020-01-01,2020-03-17,2020-03-16,NA,NA
"1262","Ireland",235,2,"IE",4853506,"IRL",2020-03-26,18347,FALSE,534379900,1564,9,28461,1940,242133,13836,48,0,322,2,15,"2020-01-01","2020-03-20","2020-03-26",NA,1,1,0,TRUE,FALSE,FALSE,1.547376,1.420338,1.030591,1.464224,1.595356,97,12,372,37,1511,2,1,1,"14-01-2020","Fine Gael (Family of the Irish)","Fine Gael","Christian democracy",1393,"Fine Gael (Family of the Irish)","Fine Gael","Christian democracy",1393,"Health","single",0,0,5,2020-01-01,2020-03-20,2020-03-26,NA,"on 14 January 2020 government dissolved, new elections on 8 February 2020, no new government formed, Varadkar government caretaker since 20 February 2020 until new government. PM is a medical doctor"
"1325","Italy",466,28,"IT",60431283,"ITA",2020-03-04,18325,FALSE,534379900,2502,80,653,29,3339,84,8,0,41,1,16,"2020-01-01","2020-03-04","2020-03-04","2020-03-12",1,1,0,FALSE,FALSE,FALSE,0.2356188,0.4138835,0.3111933,0.2467615,0.6714953,89,23.9,380,26,1603,4,0,0,"05-09-2019",NA,NA,NA,1552,"Free and Equal","Liberi e Uguali","Social democracy",NA,"Health","single",0,0,3,2020-01-01,2020-03-04,2020-03-04,2020-03-12,"health minister's party does not appear in ParlGov"
"1418","Latvia",2,0,"LV",1926542,"LVA",2020-03-12,18333,FALSE,534379900,10,0,4825,233,22744,947,1,0,5,0,17,"2020-03-03","2020-03-12","2020-03-12",NA,1,1,0,FALSE,FALSE,FALSE,0.3285871,1.043452,0.4215345,0.9569856,1.189894,89,3,428,55,1592,5,0,0,"23-01-2019","Unity","Vienotiba","Conservative",1666,"Development For!","Attistibai Par!","Liberal",NA,"Health","single",0,0,6,2020-03-03,2020-03-12,2020-03-12,NA,"health minister's party does not appear in ParlGov"
"1503","Lithuania",0,0,"LT",2789533,"LTU",2020-03-12,18333,FALSE,534379900,3,0,4825,233,22744,947,0,0,1,0,18,"2020-01-01","2020-03-12","2020-03-12","2020-03-16",1,1,0,FALSE,FALSE,FALSE,0.4978957,1.072398,0.752799,0.9573604,1.113281,91,3,440,15,1615,4,0,0,"20-08-2019","Lithuanian Peasant Union","Lietuvos valstieciu sajunga","Agrarian",191,NA,NA,NA,NA,"Health","single",1,0,6,2020-01-01,2020-03-12,2020-03-12,2020-03-16,NA
"1588","Luxembourg",0,0,"LU",607728,"LUX",2020-03-12,18333,FALSE,534379900,7,0,4825,233,22744,947,0,0,12,0,19,"2020-01-01","2020-03-13","2020-03-12","2020-03-15",0,1,0,FALSE,FALSE,FALSE,2.087755,1.778221,1.373404,1.810886,1.757206,98,0,442,7,1588,3,0,0,"05-12-2018","Democratic Party","Demokratesch Partei","Liberal",967,"Luxembourg Socialist Workers' Party","Lëtzebuerger Sozialistesch Arbechterpartei","Social democracy",701,"Health (see remarks)","subsumed",0,0,7,2020-01-01,2020-03-13,2020-03-12,2020-03-15,"One person holds three portfolios: the health minister, Paulette Lenert, is at the same time minister delegate of Social Security and Consumer Protection"
"1673","Malta",2,0,"MT",483530,"MLT",2020-03-12,18333,FALSE,534379900,6,0,4825,233,22744,947,4,0,12,0,20,"2020-03-08","2020-03-12","2020-03-12",NA,1,1,0,FALSE,FALSE,FALSE,0.5799018,0.968796,1.294193,1.053974,1.336778,90,0,470,72,1623,1,0,0,"13-01-2020","Malta Labour Party","Partit Laburista","Social democracy",1003,"Malta Labour Party","Partit Laburista","Social democracy",1003,"Health","single",1,0,5,2020-03-08,2020-03-12,2020-03-12,NA,NA
"1758","Netherlands",121,1,"NL",17231017,"NLD",2020-03-12,18333,FALSE,534379900,503,5,4825,233,22744,947,7,0,29,0,21,"2020-01-01","2020-03-15","2020-03-12","2020-03-23",0,1,0,FALSE,FALSE,FALSE,2.009026,1.850466,0.8682934,1.816361,2.01824,99,17.5,528,8,1530,4,0,0,"26-10-2017","People's Party for Freedom and Democracy","Volkspartij voor Vrijheid en Democratie","Liberal",1409,"People's Party for Freedom and Democracy","Volkspartij voor Vrijheid en Democratie","Liberal",1409,"Health, Welfare and Sport","shared",0,0,6,2020-01-01,2020-03-15,2020-03-12,2020-03-23,"After falling ill, the health care minister is replaced by an independent; management of the epidemy shifted to Christian Democratic ministry"
"1843","Norway",212,0,"NO",5314336,"NOR",2020-03-12,18333,FALSE,534379900,489,0,4825,233,22744,947,40,0,92,0,22,"2020-01-01","2020-03-12","2020-03-12","2020-03-12",1,1,1,FALSE,FALSE,FALSE,2.089907,1.887119,1.153804,1.965631,1.75844,100,12,578,9,1617,3,0,1,"24-01-2020","Conservative Party","Høyre","Conservative",1435,"Conservative Party","Høyre","Conservative",1435,"Health and Care Services","shared",0,0,8,2020-01-01,2020-03-12,2020-03-12,2020-03-12,NA
"1926","Poland",6,0,"PL",37978548,"POL",2020-03-10,18331,FALSE,534379900,17,0,3355,136,15263,534,0,0,0,0,23,"2020-01-01","2020-03-12","2020-03-10","2020-03-12",0,1,0,FALSE,FALSE,FALSE,0.6414219,0.6626508,0.5450124,0.4278919,0.8819272,84,9,616,74,1611,1,0,0,"15-11-2019","Law and Justice","Prawo i Sprawiedliwosc","Conservative",528,"Law and Justice","Prawo i Sprawiedliwosc","Conservative",528,"Health","single",1,0,4,2020-01-01,2020-03-12,2020-03-10,2020-03-12,NA
"2011","Portugal",9,0,"PT",10281762,"PRT",2020-03-10,18331,FALSE,534379900,39,0,3355,136,15263,534,1,0,4,0,24,"2020-01-01","2020-03-16","2020-03-10","2020-03-19",0,1,0,FALSE,FALSE,FALSE,0.8498304,1.208909,1.140031,1.140912,0.8900307,96,8.1,620,67,1610,1,0,1,"26-10-2019","Socialist Party","Partido Socialista","Social democracy",725,"Independent","Independent",NA,NA,"Health","single",0,0,5,2020-01-01,2020-03-16,2020-03-10,2020-03-19,NA
"2094","Romania",6,0,"RO",19473936,"ROU",2020-03-08,18329,FALSE,534379900,13,0,1947,38,9419,252,0,0,1,0,25,"2020-01-01","2020-03-11","2020-03-08","2020-03-23",0,1,0,FALSE,FALSE,FALSE,-0.1216504,-0.2534418,0.0593082,0.3254628,0.4453986,83,10,642,23,1619,1,0,1,"04-11-2019","National Liberal Party","Partidul National Liberal","Liberal",1015,"National Liberal Party","Partidul National Liberal","Liberal",1015,"Health","single",1,0,4,2020-01-01,2020-03-11,2020-03-08,2020-03-23,"Minister of health Costache was replaced amidst the crisis by Tataru (14 March 2020)"
"2181","Slovakia",0,0,"SK",5447011,"SVK",2020-03-10,18331,TRUE,534379900,5,0,3355,136,15263,534,0,0,1,0,26,"2020-01-01","2020-03-12","2020-03-10","2020-03-12",0,1,0,FALSE,FALSE,FALSE,0.3629198,0.7074615,0.7504383,0.5290585,0.8107936,88,7,703,1,1529,3,0,0,"22-03-2018","Direction - Social Democracy","Smer – sociálna demokracia","Social democracy",220,"Direction - Social Democracy","Smer – sociálna demokracia","Social democracy",220,"Health","single",0,0,5,2020-01-01,2020-03-12,2020-03-10,2020-03-12,"Prime Minister Pellegrini is the acting Health minister since 17 December 2019"
"2263","Slovenia",3,0,"SI",2067372,"SVN",2020-03-07,18328,FALSE,534379900,9,0,1842,54,7472,214,1,0,4,0,27,"2020-01-01","2020-03-12","2020-03-07","2020-03-20",0,1,0,FALSE,FALSE,FALSE,0.8702175,1.125806,0.9109183,1.058505,0.6948206,94,2,705,60,1555,5,0,1,"17-08-2018","List of Marjan Sarec","Lista Marjana Šarca","Social democracy",2668,"List of Marjan Sarec","Lista Marjana Šarca","Social democracy",2668,"Health","single",0,0,4,2020-01-01,2020-03-12,2020-03-07,2020-03-20,NA
"2355","Spain",1227,37,"ES",46723749,"ESP",2020-03-14,18335,FALSE,534379900,4231,121,6760,312,35907,1507,26,1,91,3,28,"2020-01-01","2020-03-16","2020-03-14","2020-03-14",0,1,1,FALSE,FALSE,FALSE,0.613507,1.002136,0.2548025,0.9689376,0.9452896,92,29.8,724,27,1605,5,0,1,"13-01-2020","Spanish Socialist Workers Party","Partido Socialista Obrero Español","Social democracy",902,"Socialists' Party of Catalonia","Partit dels Socialistes de Catalunya","Social democracy",1974,"Health","single",0,0,7,2020-01-01,2020-03-16,2020-03-14,2020-03-14,NA
"2438","Sweden",136,1,"SE",10183175,"SWE",2020-03-12,18333,FALSE,534379900,462,1,4825,233,22744,947,13,0,45,0,29,"2020-01-01",NA,"2020-03-12",NA,0,1,0,FALSE,FALSE,FALSE,2.139578,1.830975,0.9136876,1.895983,1.800021,100,12,752,35,1590,2,0,1,"18-01-2019","Social Democrats","Socialdemokraterna","Social democracy",904,"Social Democrats","Socialdemokraterna","Social democracy",904,"Health and Social Affairs","single",0,0,8,2020-01-01,NA,2020-03-12,NA,NA
"2528","Switzerland",0,1,"CH",8516543,"CHE",2020-03-17,18338,FALSE,534379900,2200,14,9327,425,63291,2754,0,0,258,2,30,"2020-01-01","2020-03-13","2020-03-17",NA,1,1,0,TRUE,FALSE,FALSE,2.00971,2.039621,1.344863,1.931222,1.780406,96,26.5,756,40,1612,4,0,0,"11-12-2019",NA,NA,NA,NA,"Radical Democratic Part","Sozialdemokratische Partei der Schweiz – Parti Socialiste Suisse","Social democracy",35,"Home Affairs","subsumed",0,1,9,2020-01-01,2020-03-13,2020-03-17,NA,"Health care portfolio resides under Federal Department of Home Affairs; There is no Prime Minister, a rotating president"
"2617","United_Kingdom",706,33,"UK",66488991,"GBR",2020-03-21,18342,FALSE,534379900,3983,177,19237,1050,125749,5967,11,0,60,3,31,"2020-01-01","2020-03-23","2020-03-21","2020-03-23",0,1,0,FALSE,FALSE,FALSE,1.826577,1.341884,0.0487175,1.638637,1.761863,94,9.1,826,44,1606,1,0,0,"13-12-2019","Conservatives","Conservatives","Conservative",773,"Conservatives","Conservatives","Conservative",773,"Health and Social Care","shared",0,0,8,2020-01-01,2020-03-23,2020-03-21,2020-03-23,NA
